File Name,Faction Name,Model Name
Chaos - Chaos Space Marines.cat,Chaos Space Marines,Abaddon the Despoiler
Chaos - Chaos Space Marines.cat,Chaos Space Marines,Accursed Cultists
Chaos - Chaos Space Marines.cat,Chaos Space Marines,Chaos Bikers
Chaos - Chaos Space Marines.cat,Chaos Space Marines,Chaos Deimos Predator [Legends]
Chaos - Chaos Space Marines.cat,Chaos Space Marines,Chaos Land Raider
Chaos - Chaos Space Marines.cat,Chaos Space Marines,Chaos Lord
Chaos - Chaos Space Marines.cat,Chaos Space Marines,Chaos Lord in Terminator Armour
Chaos - Chaos Space Marines.cat,Chaos Space Marines,Chaos Lord on Bike [Legends]
Chaos - Chaos Space Marines.cat,Chaos Space Marines,Chaos Lord on Disc of Tzeentch [Legends]
Chaos - Chaos Space Marines.cat,Chaos Space Marines,Chaos Lord on Juggernaut [Legends]
Chaos - Chaos Space Marines.cat,Chaos Space Marines,Chaos Lord on Palanquin of Nurgle [Legends]
Chaos - Chaos Space Marines.cat,Chaos Space Marines,Chaos Lord on Steed of Slaanesh [Legends]
Chaos - Chaos Space Marines.cat,Chaos Space Marines,Chaos Lord with Jump Pack
Chaos - Chaos Space Marines.cat,Chaos Space Marines,Chaos Predator Annihilator
Chaos - Chaos Space Marines.cat,Chaos Space Marines,Chaos Predator Destructor
Chaos - Chaos Space Marines.cat,Chaos Space Marines,Chaos Rhino
Chaos - Chaos Space Marines.cat,Chaos Space Marines,Chaos Spawn
Chaos - Chaos Space Marines.cat,Chaos Space Marines,Chaos Terminator Squad
Chaos - Chaos Space Marines.cat,Chaos Space Marines,Chaos Vindicator
Chaos - Chaos Space Marines.cat,Chaos Space Marines,Chosen
Chaos - Chaos Space Marines.cat,Chaos Space Marines,Cultist Firebrand
Chaos - Chaos Space Marines.cat,Chaos Space Marines,Cultist Mob
Chaos - Chaos Space Marines.cat,Chaos Space Marines,Cultist Mob with Firearms [Legends]
Chaos - Chaos Space Marines.cat,Chaos Space Marines,Cypher
Chaos - Chaos Space Marines.cat,Chaos Space Marines,Dark Apostle
Chaos - Chaos Space Marines.cat,Chaos Space Marines,Dark Commune
Chaos - Chaos Space Marines.cat,Chaos Space Marines,Defiler
Chaos - Chaos Space Marines.cat,Chaos Space Marines,Exalted Champion [Legends]
Chaos - Chaos Space Marines.cat,Chaos Space Marines,Fabius Bile
Chaos - Chaos Space Marines.cat,Chaos Space Marines,Fellgor Beastmen
Chaos - Chaos Space Marines.cat,Chaos Space Marines,Forgefiend
Chaos - Chaos Space Marines.cat,Chaos Space Marines,Gellerpox Infected [Legends]
Chaos - Chaos Space Marines.cat,Chaos Space Marines,Haarken Worldclaimer
Chaos - Chaos Space Marines.cat,Chaos Space Marines,Havocs
Chaos - Chaos Space Marines.cat,Chaos Space Marines,Helbrute
Chaos - Chaos Space Marines.cat,Chaos Space Marines,Heldrake
Chaos - Chaos Space Marines.cat,Chaos Space Marines,Hell Talon [Legends]
Chaos - Chaos Space Marines.cat,Chaos Space Marines,Hellblade [Legends]
Chaos - Chaos Space Marines.cat,Chaos Space Marines,Heretic Astartes Daemon Prince
Chaos - Chaos Space Marines.cat,Chaos Space Marines,Heretic Astartes Daemon Prince with wings
Chaos - Chaos Space Marines.cat,Chaos Space Marines,Huron Blackheart
Chaos - Chaos Space Marines.cat,Chaos Space Marines,Khorne Berzerkers
Chaos - Chaos Space Marines.cat,Chaos Space Marines,Khorne Lord of Skulls
Chaos - Chaos Space Marines.cat,Chaos Space Marines,Legionaries
Chaos - Chaos Space Marines.cat,Chaos Space Marines,Lord Discordant on Helstalker
Chaos - Chaos Space Marines.cat,Chaos Space Marines,Master of Executions
Chaos - Chaos Space Marines.cat,Chaos Space Marines,Master of Possession
Chaos - Chaos Space Marines.cat,Chaos Space Marines,Maulerfiend
Chaos - Chaos Space Marines.cat,Chaos Space Marines,Mutilators [Legends]
Chaos - Chaos Space Marines.cat,Chaos Space Marines,Mutoid Vermin [Legends]
Chaos - Chaos Space Marines.cat,Chaos Space Marines,Negavolt Cultists [Legends]
Chaos - Chaos Space Marines.cat,Chaos Space Marines,Nemesis Claw
Chaos - Chaos Space Marines.cat,Chaos Space Marines,Noctilith Crown
Chaos - Chaos Space Marines.cat,Chaos Space Marines,Noise Marines
Chaos - Chaos Space Marines.cat,Chaos Space Marines,Obliterators
Chaos - Chaos Space Marines.cat,Chaos Space Marines,Plague Marines
Chaos - Chaos Space Marines.cat,Chaos Space Marines,Possessed
Chaos - Chaos Space Marines.cat,Chaos Space Marines,Raptors
Chaos - Chaos Space Marines.cat,Chaos Space Marines,Renegade Enforcer [Legends]
Chaos - Chaos Space Marines.cat,Chaos Space Marines,Renegade Heavy Weapons Squad [Legends]
Chaos - Chaos Space Marines.cat,Chaos Space Marines,Renegade Ogryn Beast Handler [Legends]
Chaos - Chaos Space Marines.cat,Chaos Space Marines,Renegade Ogryn Brutes [Legends]
Chaos - Chaos Space Marines.cat,Chaos Space Marines,Renegade Plague Ogryns [Legends]
Chaos - Chaos Space Marines.cat,Chaos Space Marines,Rogue Psyker [Legends]
Chaos - Chaos Space Marines.cat,Chaos Space Marines,Rubric Marines
Chaos - Chaos Space Marines.cat,Chaos Space Marines,Sorcerer
Chaos - Chaos Space Marines.cat,Chaos Space Marines,Sorcerer in Terminator Armour
Chaos - Chaos Space Marines.cat,Chaos Space Marines,Sorcerer on Bike [Legends]
Chaos - Chaos Space Marines.cat,Chaos Space Marines,Sorcerer on Disc of Tzeentch [Legends]
Chaos - Chaos Space Marines.cat,Chaos Space Marines,Sorcerer on Palanquin of Nurgle [Legends]
Chaos - Chaos Space Marines.cat,Chaos Space Marines,Sorcerer on Steed of Slaanesh [Legends]
Chaos - Chaos Space Marines.cat,Chaos Space Marines,Traitor Enforcer
Chaos - Chaos Space Marines.cat,Chaos Space Marines,Traitor Guardsmen Squad
Chaos - Chaos Space Marines.cat,Chaos Space Marines,Vashtorr the Arkifane
Chaos - Chaos Space Marines.cat,Chaos Space Marines,Venomcrawler
Chaos - Chaos Space Marines.cat,Chaos Space Marines,Warp Talons
Chaos - Chaos Space Marines.cat,Chaos Space Marines,Warpsmith
Chaos - Death Guard.cat,Death Guard,Beasts of Nurgle
Chaos - Death Guard.cat,Death Guard,Biologus Putrifier
Chaos - Death Guard.cat,Death Guard,Blightlord Terminators
Chaos - Death Guard.cat,Death Guard,Chaos Land Raider
Chaos - Death Guard.cat,Death Guard,Chaos Lord on Palanquin of Nurgle [Legends]
Chaos - Death Guard.cat,Death Guard,Chaos Predator Annihilator
Chaos - Death Guard.cat,Death Guard,Chaos Predator Destructor
Chaos - Death Guard.cat,Death Guard,Chaos Rhino
Chaos - Death Guard.cat,Death Guard,Chaos Spawn
Chaos - Death Guard.cat,Death Guard,Daemon Prince of Nurgle
Chaos - Death Guard.cat,Death Guard,Daemon Prince of Nurgle with wings
Chaos - Death Guard.cat,Death Guard,Death Guard Chaos Lord [Legends]
Chaos - Death Guard.cat,Death Guard,Death Guard Chaos Lord in Terminator Armour [Legends]
Chaos - Death Guard.cat,Death Guard,Death Guard Cultists [Legends]
Chaos - Death Guard.cat,Death Guard,Death Guard Possessed [Legends]
Chaos - Death Guard.cat,Death Guard,Death Guard Sorcerer in Terminator Armour [Legends]
Chaos - Death Guard.cat,Death Guard,Deathshroud Terminators
Chaos - Death Guard.cat,Death Guard,Defiler
Chaos - Death Guard.cat,Death Guard,Foetid Bloat-drone
Chaos - Death Guard.cat,Death Guard,Foetid Bloat-drone with heavy blight launcher
Chaos - Death Guard.cat,Death Guard,Foul Blightspawn
Chaos - Death Guard.cat,Death Guard,Gellerpox Infected [Legends]
Chaos - Death Guard.cat,Death Guard,Great Unclean One
Chaos - Death Guard.cat,Death Guard,Helbrute
Chaos - Death Guard.cat,Death Guard,Hell Talon [Legends]
Chaos - Death Guard.cat,Death Guard,Hellblade [Legends]
Chaos - Death Guard.cat,Death Guard,Icon Bearer
Chaos - Death Guard.cat,Death Guard,Lord of Contagion
Chaos - Death Guard.cat,Death Guard,Lord of Poxes
Chaos - Death Guard.cat,Death Guard,Lord of Virulence
Chaos - Death Guard.cat,Death Guard,Malignant Plaguecaster
Chaos - Death Guard.cat,Death Guard,Miasmic Malignifier
Chaos - Death Guard.cat,Death Guard,Mortarion
Chaos - Death Guard.cat,Death Guard,Mutoid Vermin [Legends]
Chaos - Death Guard.cat,Death Guard,Myphitic Blight-hauler
Chaos - Death Guard.cat,Death Guard,Noxious Blightbringer
Chaos - Death Guard.cat,Death Guard,Nurglings
Chaos - Death Guard.cat,Death Guard,Plague Drones
Chaos - Death Guard.cat,Death Guard,Plague Marines
Chaos - Death Guard.cat,Death Guard,Plague Surgeon
Chaos - Death Guard.cat,Death Guard,Plaguebearers
Chaos - Death Guard.cat,Death Guard,Plagueburst Crawler
Chaos - Death Guard.cat,Death Guard,Poxwalkers
Chaos - Death Guard.cat,Death Guard,Rotigus
Chaos - Death Guard.cat,Death Guard,Sorcerer on Palanquin of Nurgle [Legends]
Chaos - Death Guard.cat,Death Guard,Tallyman
Chaos - Death Guard.cat,Death Guard,Typhus
Chaos - Emperor's Children.cat,Emperor's Children,Chaos Land Raider
Chaos - Emperor's Children.cat,Emperor's Children,Chaos Rhino
Chaos - Emperor's Children.cat,Emperor's Children,Chaos Spawn
Chaos - Emperor's Children.cat,Emperor's Children,Chaos Terminators
Chaos - Emperor's Children.cat,Emperor's Children,Daemon Prince of Slaanesh
Chaos - Emperor's Children.cat,Emperor's Children,Daemon Prince of Slaanesh with Wings
Chaos - Emperor's Children.cat,Emperor's Children,Daemonettes
Chaos - Emperor's Children.cat,Emperor's Children,Fiends
Chaos - Emperor's Children.cat,Emperor's Children,Flawless Blades
Chaos - Emperor's Children.cat,Emperor's Children,Fulgrim
Chaos - Emperor's Children.cat,Emperor's Children,Heldrake
Chaos - Emperor's Children.cat,Emperor's Children,Infractors
Chaos - Emperor's Children.cat,Emperor's Children,Keeper of Secrets
Chaos - Emperor's Children.cat,Emperor's Children,Lord Exultant
Chaos - Emperor's Children.cat,Emperor's Children,Lord Kakophonist
Chaos - Emperor's Children.cat,Emperor's Children,Lucius the Eternal
Chaos - Emperor's Children.cat,Emperor's Children,Maulerfiend
Chaos - Emperor's Children.cat,Emperor's Children,Noise Marines
Chaos - Emperor's Children.cat,Emperor's Children,Seekers
Chaos - Emperor's Children.cat,Emperor's Children,Shalaxi Helbane
Chaos - Emperor's Children.cat,Emperor's Children,Sorcerer
Chaos - Emperor's Children.cat,Emperor's Children,Tormentors
Chaos - Thousand Sons.cat,Thousand Sons,Ahriman
Chaos - Thousand Sons.cat,Thousand Sons,Blue Horrors
Chaos - Thousand Sons.cat,Thousand Sons,Chaos Land Raider
Chaos - Thousand Sons.cat,Thousand Sons,Chaos Lord on Disc of Tzeentch [Legends]
Chaos - Thousand Sons.cat,Thousand Sons,Chaos Predator Annihilator
Chaos - Thousand Sons.cat,Thousand Sons,Chaos Predator Destructor
Chaos - Thousand Sons.cat,Thousand Sons,Chaos Rhino
Chaos - Thousand Sons.cat,Thousand Sons,Chaos Spawn
Chaos - Thousand Sons.cat,Thousand Sons,Chaos Vindicator
Chaos - Thousand Sons.cat,Thousand Sons,Daemon Prince of Tzeentch
Chaos - Thousand Sons.cat,Thousand Sons,Daemon Prince of Tzeentch with wings
Chaos - Thousand Sons.cat,Thousand Sons,Defiler
Chaos - Thousand Sons.cat,Thousand Sons,Exalted Sorcerer
Chaos - Thousand Sons.cat,Thousand Sons,Exalted Sorcerer on Disc of Tzeentch
Chaos - Thousand Sons.cat,Thousand Sons,Flamers
Chaos - Thousand Sons.cat,Thousand Sons,Forgefiend
Chaos - Thousand Sons.cat,Thousand Sons,Helbrute
Chaos - Thousand Sons.cat,Thousand Sons,Heldrake
Chaos - Thousand Sons.cat,Thousand Sons,Hell Talon [Legends]
Chaos - Thousand Sons.cat,Thousand Sons,Hellblade [Legends]
Chaos - Thousand Sons.cat,Thousand Sons,Infernal Master
Chaos - Thousand Sons.cat,Thousand Sons,Kairos Fateweaver
Chaos - Thousand Sons.cat,Thousand Sons,Lord of Change
Chaos - Thousand Sons.cat,Thousand Sons,Magnus the Red
Chaos - Thousand Sons.cat,Thousand Sons,Maulerfiend
Chaos - Thousand Sons.cat,Thousand Sons,Mutalith Vortex Beast
Chaos - Thousand Sons.cat,Thousand Sons,Pink Horrors
Chaos - Thousand Sons.cat,Thousand Sons,Rubric Marines
Chaos - Thousand Sons.cat,Thousand Sons,Scarab Occult Terminators
Chaos - Thousand Sons.cat,Thousand Sons,Screamers
Chaos - Thousand Sons.cat,Thousand Sons,Sekhetar Robots
Chaos - Thousand Sons.cat,Thousand Sons,Sorcerer
Chaos - Thousand Sons.cat,Thousand Sons,Sorcerer in Terminator Armour
Chaos - Thousand Sons.cat,Thousand Sons,Sorcerer on Disc of Tzeentch [Legends]
Chaos - Thousand Sons.cat,Thousand Sons,Tzaangor Enlightened
Chaos - Thousand Sons.cat,Thousand Sons,Tzaangor Enlightened with Fatecaster greatbows
Chaos - Thousand Sons.cat,Thousand Sons,Tzaangor Shaman
Chaos - Thousand Sons.cat,Thousand Sons,Tzaangors
Chaos - World Eaters.cat,World Eaters,Angron
Chaos - World Eaters.cat,World Eaters,Bloodcrushers
Chaos - World Eaters.cat,World Eaters,Bloodletters
Chaos - World Eaters.cat,World Eaters,Bloodthirster
Chaos - World Eaters.cat,World Eaters,Chaos Land Raider
Chaos - World Eaters.cat,World Eaters,Chaos Predator Annihilator
Chaos - World Eaters.cat,World Eaters,Chaos Predator Destructor
Chaos - World Eaters.cat,World Eaters,Chaos Rhino
Chaos - World Eaters.cat,World Eaters,Chaos Spawn
Chaos - World Eaters.cat,World Eaters,Chaos Terminators
Chaos - World Eaters.cat,World Eaters,Daemon Prince of Khorne
Chaos - World Eaters.cat,World Eaters,Daemon Prince of Khorne with wings
Chaos - World Eaters.cat,World Eaters,Defiler
Chaos - World Eaters.cat,World Eaters,Eightbound
Chaos - World Eaters.cat,World Eaters,Exalted Eightbound
Chaos - World Eaters.cat,World Eaters,Flesh Hounds
Chaos - World Eaters.cat,World Eaters,Forgefiend
Chaos - World Eaters.cat,World Eaters,Goremongers
Chaos - World Eaters.cat,World Eaters,Helbrute
Chaos - World Eaters.cat,World Eaters,Heldrake
Chaos - World Eaters.cat,World Eaters,Hell Talon [Legends]
Chaos - World Eaters.cat,World Eaters,Hellblade [Legends]
Chaos - World Eaters.cat,World Eaters,Jakhal
Chaos - World Eaters.cat,World Eaters,Jakhals
Chaos - World Eaters.cat,World Eaters,Khorne Berzerkers
Chaos - World Eaters.cat,World Eaters,Khorne Lord of Skulls
Chaos - World Eaters.cat,World Eaters,Khârn the Betrayer
Chaos - World Eaters.cat,World Eaters,Lord Invocatus
Chaos - World Eaters.cat,World Eaters,Lord on Juggernaut
Chaos - World Eaters.cat,World Eaters,Master of Executions
Chaos - World Eaters.cat,World Eaters,Maulerfiend
Chaos - World Eaters.cat,World Eaters,Skarbrand
Chaos - World Eaters.cat,World Eaters,Slaughterbound
Genestealer Cults.cat,Genestealer Cults,Aberrants
Genestealer Cults.cat,Genestealer Cults,Abominant
Genestealer Cults.cat,Genestealer Cults,Achilles Ridgerunners
Genestealer Cults.cat,Genestealer Cults,Acolyte Hybrids with Autopistols
Genestealer Cults.cat,Genestealer Cults,Acolyte Hybrids with Hand Flamers
Genestealer Cults.cat,Genestealer Cults,Acolyte Iconward
Genestealer Cults.cat,Genestealer Cults,Atalan Jackals
Genestealer Cults.cat,Genestealer Cults,Benefictus
Genestealer Cults.cat,Genestealer Cults,Biophagus
Genestealer Cults.cat,Genestealer Cults,Clamavus
Genestealer Cults.cat,Genestealer Cults,Goliath Rockgrinder
Genestealer Cults.cat,Genestealer Cults,Goliath Truck
Genestealer Cults.cat,Genestealer Cults,Hybrid Metamorphs
Genestealer Cults.cat,Genestealer Cults,Jackal Alphus
Genestealer Cults.cat,Genestealer Cults,Kelermorph
Genestealer Cults.cat,Genestealer Cults,Locus
Genestealer Cults.cat,Genestealer Cults,Magus
Genestealer Cults.cat,Genestealer Cults,Neophyte Hybrids
Genestealer Cults.cat,Genestealer Cults,Nexos
Genestealer Cults.cat,Genestealer Cults,Patriarch
Genestealer Cults.cat,Genestealer Cults,Primus
Genestealer Cults.cat,Genestealer Cults,Purestrain Genestealers
Genestealer Cults.cat,Genestealer Cults,Reductus Saboteur
Genestealer Cults.cat,Genestealer Cults,Sanctus
Genestealer Cults.cat,Genestealer Cults,Tectonic Fragdrill [Legends]
Imperium - Adepta Sororitas.cat,Adepta Sororitas,Aestred Thurga and Agathae Dolan
Imperium - Adepta Sororitas.cat,Adepta Sororitas,Arco-Flagellants
Imperium - Adepta Sororitas.cat,Adepta Sororitas,Battle Sanctum [Legends]
Imperium - Adepta Sororitas.cat,Adepta Sororitas,Battle Sisters Squad
Imperium - Adepta Sororitas.cat,Adepta Sororitas,Canoness
Imperium - Adepta Sororitas.cat,Adepta Sororitas,Canoness with Jump Pack
Imperium - Adepta Sororitas.cat,Adepta Sororitas,Castigator
Imperium - Adepta Sororitas.cat,Adepta Sororitas,Celestian Sacresant (Anointed Halberd)
Imperium - Adepta Sororitas.cat,Adepta Sororitas,Celestian Sacresant (Hallowed Mace)
Imperium - Adepta Sororitas.cat,Adepta Sororitas,Celestian Sacresant Aveline [Legends]
Imperium - Adepta Sororitas.cat,Adepta Sororitas,Celestian Sacresants
Imperium - Adepta Sororitas.cat,Adepta Sororitas,Crusaders [Legends]
Imperium - Adepta Sororitas.cat,Adepta Sororitas,Daemonifuge
Imperium - Adepta Sororitas.cat,Adepta Sororitas,Death Cult Assassins [Legends]
Imperium - Adepta Sororitas.cat,Adepta Sororitas,Dialogus
Imperium - Adepta Sororitas.cat,Adepta Sororitas,Dogmata
Imperium - Adepta Sororitas.cat,Adepta Sororitas,Dominion Squad
Imperium - Adepta Sororitas.cat,Adepta Sororitas,Exorcist
Imperium - Adepta Sororitas.cat,Adepta Sororitas,Geminae Superia
Imperium - Adepta Sororitas.cat,Adepta Sororitas,Hospitaller
Imperium - Adepta Sororitas.cat,Adepta Sororitas,Imagifier
Imperium - Adepta Sororitas.cat,Adepta Sororitas,Immolator
Imperium - Adepta Sororitas.cat,Adepta Sororitas,Junith Eruita
Imperium - Adepta Sororitas.cat,Adepta Sororitas,Ministorum Priest
Imperium - Adepta Sororitas.cat,Adepta Sororitas,Mortifiers
Imperium - Adepta Sororitas.cat,Adepta Sororitas,Morvenn Vahl
Imperium - Adepta Sororitas.cat,Adepta Sororitas,Palatine
Imperium - Adepta Sororitas.cat,Adepta Sororitas,Paragon Warsuits
Imperium - Adepta Sororitas.cat,Adepta Sororitas,Penitent Engines
Imperium - Adepta Sororitas.cat,Adepta Sororitas,Repentia Squad
Imperium - Adepta Sororitas.cat,Adepta Sororitas,Repressor [Legends]
Imperium - Adepta Sororitas.cat,Adepta Sororitas,Retributor Squad
Imperium - Adepta Sororitas.cat,Adepta Sororitas,Saint Celestine
Imperium - Adepta Sororitas.cat,Adepta Sororitas,Sanctifiers
Imperium - Adepta Sororitas.cat,Adepta Sororitas,Seraphim Squad
Imperium - Adepta Sororitas.cat,Adepta Sororitas,Sister Novitiate (Autogun)
Imperium - Adepta Sororitas.cat,Adepta Sororitas,Sister Novitiate (Melee Weapon)
Imperium - Adepta Sororitas.cat,Adepta Sororitas,Sisters Novitiate Squad
Imperium - Adepta Sororitas.cat,Adepta Sororitas,Sororitas Rhino
Imperium - Adepta Sororitas.cat,Adepta Sororitas,Triumph of Saint Katherine
Imperium - Adepta Sororitas.cat,Adepta Sororitas,Zephyrim Squad
Imperium - Adeptus Custodes.cat,Adeptus Custodes,Agamatus Custodians
Imperium - Adeptus Custodes.cat,Adeptus Custodes,Aleya
Imperium - Adeptus Custodes.cat,Adeptus Custodes,Allarus Custodians
Imperium - Adeptus Custodes.cat,Adeptus Custodes,Anathema Psykana Rhino
Imperium - Adeptus Custodes.cat,Adeptus Custodes,Aquilon Custodians
Imperium - Adeptus Custodes.cat,Adeptus Custodes,Ares Gunship
Imperium - Adeptus Custodes.cat,Adeptus Custodes,Blade Champion
Imperium - Adeptus Custodes.cat,Adeptus Custodes,Caladius Grav-tank
Imperium - Adeptus Custodes.cat,Adeptus Custodes,Contemptor-Achillus Dreadnought
Imperium - Adeptus Custodes.cat,Adeptus Custodes,Contemptor-Galatus Dreadnought
Imperium - Adeptus Custodes.cat,Adeptus Custodes,Coronus Grav-carrier
Imperium - Adeptus Custodes.cat,Adeptus Custodes,Custodian Guard
Imperium - Adeptus Custodes.cat,Adeptus Custodes,Custodian Guard with Adrasite and Pyrithite spears
Imperium - Adeptus Custodes.cat,Adeptus Custodes,Custodian Wardens
Imperium - Adeptus Custodes.cat,Adeptus Custodes,Knight-Centura
Imperium - Adeptus Custodes.cat,Adeptus Custodes,Orion Assault Dropship
Imperium - Adeptus Custodes.cat,Adeptus Custodes,Pallas Grav-attack
Imperium - Adeptus Custodes.cat,Adeptus Custodes,Prosecutors
Imperium - Adeptus Custodes.cat,Adeptus Custodes,Sagittarum Custodians
Imperium - Adeptus Custodes.cat,Adeptus Custodes,Shield-Captain
Imperium - Adeptus Custodes.cat,Adeptus Custodes,Shield-Captain in Allarus Terminator Armour
Imperium - Adeptus Custodes.cat,Adeptus Custodes,Shield-Captain on Dawneagle Jetbike
Imperium - Adeptus Custodes.cat,Adeptus Custodes,Telemon Heavy Dreadnought
Imperium - Adeptus Custodes.cat,Adeptus Custodes,Trajann Valoris
Imperium - Adeptus Custodes.cat,Adeptus Custodes,Valerian
Imperium - Adeptus Custodes.cat,Adeptus Custodes,Venatari Custodians
Imperium - Adeptus Custodes.cat,Adeptus Custodes,Venerable Contemptor Dreadnought
Imperium - Adeptus Custodes.cat,Adeptus Custodes,Venerable Land Raider
Imperium - Adeptus Custodes.cat,Adeptus Custodes,Vertus Praetors
Imperium - Adeptus Custodes.cat,Adeptus Custodes,Vigilators
Imperium - Adeptus Custodes.cat,Adeptus Custodes,Witchseekers
Imperium - Adeptus Mechanicus.cat,Adeptus Mechanicus,Archaeopter Fusilave
Imperium - Adeptus Mechanicus.cat,Adeptus Mechanicus,Archaeopter Stratoraptor
Imperium - Adeptus Mechanicus.cat,Adeptus Mechanicus,Archaeopter Transvector
Imperium - Adeptus Mechanicus.cat,Adeptus Mechanicus,Belisarius Cawl
Imperium - Adeptus Mechanicus.cat,Adeptus Mechanicus,Corpuscarii Electro-Priests
Imperium - Adeptus Mechanicus.cat,Adeptus Mechanicus,Cybernetica Datasmith
Imperium - Adeptus Mechanicus.cat,Adeptus Mechanicus,Fulgurite Electro-Priests
Imperium - Adeptus Mechanicus.cat,Adeptus Mechanicus,Ironstrider Ballistarii
Imperium - Adeptus Mechanicus.cat,Adeptus Mechanicus,Kastelan Robots
Imperium - Adeptus Mechanicus.cat,Adeptus Mechanicus,Kataphron Breachers
Imperium - Adeptus Mechanicus.cat,Adeptus Mechanicus,Kataphron Destroyers
Imperium - Adeptus Mechanicus.cat,Adeptus Mechanicus,Onager Dunecrawler
Imperium - Adeptus Mechanicus.cat,Adeptus Mechanicus,Pteraxii Skystalkers
Imperium - Adeptus Mechanicus.cat,Adeptus Mechanicus,Pteraxii Sterylizors
Imperium - Adeptus Mechanicus.cat,Adeptus Mechanicus,Secutarii Hoplites [Legends]
Imperium - Adeptus Mechanicus.cat,Adeptus Mechanicus,Secutarii Peltasts [Legends]
Imperium - Adeptus Mechanicus.cat,Adeptus Mechanicus,Serberys Raiders
Imperium - Adeptus Mechanicus.cat,Adeptus Mechanicus,Serberys Sulphurhounds
Imperium - Adeptus Mechanicus.cat,Adeptus Mechanicus,Servitor Battleclade
Imperium - Adeptus Mechanicus.cat,Adeptus Mechanicus,Servitors [Legends]
Imperium - Adeptus Mechanicus.cat,Adeptus Mechanicus,Sicarian Infiltrators
Imperium - Adeptus Mechanicus.cat,Adeptus Mechanicus,Sicarian Ruststalkers
Imperium - Adeptus Mechanicus.cat,Adeptus Mechanicus,Skitarii Marshal
Imperium - Adeptus Mechanicus.cat,Adeptus Mechanicus,Skitarii Rangers
Imperium - Adeptus Mechanicus.cat,Adeptus Mechanicus,Skitarii Vanguard
Imperium - Adeptus Mechanicus.cat,Adeptus Mechanicus,Skorpius Disintegrator
Imperium - Adeptus Mechanicus.cat,Adeptus Mechanicus,Skorpius Dunerider
Imperium - Adeptus Mechanicus.cat,Adeptus Mechanicus,Sydonian Dragoons with radium jezzails
Imperium - Adeptus Mechanicus.cat,Adeptus Mechanicus,Sydonian Dragoons with taser lances
Imperium - Adeptus Mechanicus.cat,Adeptus Mechanicus,Sydonian Skatros
Imperium - Adeptus Mechanicus.cat,Adeptus Mechanicus,Tech-Priest Dominus
Imperium - Adeptus Mechanicus.cat,Adeptus Mechanicus,Tech-Priest Enginseer
Imperium - Adeptus Mechanicus.cat,Adeptus Mechanicus,Tech-Priest Manipulus
Imperium - Adeptus Mechanicus.cat,Adeptus Mechanicus,Technoarcheologist
Imperium - Adeptus Mechanicus.cat,Adeptus Mechanicus,Terrax-Pattern Termite [Legends]
Imperium - Agents of the Imperium.cat,Agents of the Imperium,Callidus Assassin
Imperium - Agents of the Imperium.cat,Agents of the Imperium,Corvus Blackstar
Imperium - Agents of the Imperium.cat,Agents of the Imperium,Culexus Assassin
Imperium - Agents of the Imperium.cat,Agents of the Imperium,Cyber-mastiff
Imperium - Agents of the Imperium.cat,Agents of the Imperium,Daemonhost [Legends]
Imperium - Agents of the Imperium.cat,Agents of the Imperium,Damned Legionnaires [Legends]
Imperium - Agents of the Imperium.cat,Agents of the Imperium,Deathwatch Kill Team
Imperium - Agents of the Imperium.cat,Agents of the Imperium,Deathwatch Terminator Squad [Legends]
Imperium - Agents of the Imperium.cat,Agents of the Imperium,Eversor Assassin
Imperium - Agents of the Imperium.cat,Agents of the Imperium,Exaction Squad
Imperium - Agents of the Imperium.cat,Agents of the Imperium,Fortis Kill Team [Legends]
Imperium - Agents of the Imperium.cat,Agents of the Imperium,Grey Knights Terminator Squad
Imperium - Agents of the Imperium.cat,Agents of the Imperium,Imperial Navy Breachers
Imperium - Agents of the Imperium.cat,Agents of the Imperium,Imperial Rhino
Imperium - Agents of the Imperium.cat,Agents of the Imperium,Indomitor Kill Team [Legends]
Imperium - Agents of the Imperium.cat,Agents of the Imperium,Inquisitor
Imperium - Agents of the Imperium.cat,Agents of the Imperium,Inquisitor Coteaz
Imperium - Agents of the Imperium.cat,Agents of the Imperium,Inquisitor Draxus
Imperium - Agents of the Imperium.cat,Agents of the Imperium,Inquisitor Eisenhorn [Legends]
Imperium - Agents of the Imperium.cat,Agents of the Imperium,Inquisitor Greyfax
Imperium - Agents of the Imperium.cat,Agents of the Imperium,Inquisitor Karamazov [Legends]
Imperium - Agents of the Imperium.cat,Agents of the Imperium,Inquisitor in Terminator Armour [Legends]
Imperium - Agents of the Imperium.cat,Agents of the Imperium,Inquisitorial Agents
Imperium - Agents of the Imperium.cat,Agents of the Imperium,Inquisitorial Chimera
Imperium - Agents of the Imperium.cat,Agents of the Imperium,Janus Draik [Legends]
Imperium - Agents of the Imperium.cat,Agents of the Imperium,Jokaero Weaponsmith [Legends]
Imperium - Agents of the Imperium.cat,Agents of the Imperium,Kill Team Cassius [Legends]
Imperium - Agents of the Imperium.cat,Agents of the Imperium,Ministorum Priest
Imperium - Agents of the Imperium.cat,Agents of the Imperium,Navigator
Imperium - Agents of the Imperium.cat,Agents of the Imperium,Neyam Shai Murad [Legends]
Imperium - Agents of the Imperium.cat,Agents of the Imperium,Proteus Kill Team [Legends]
Imperium - Agents of the Imperium.cat,Agents of the Imperium,Rogue Trader Entourage
Imperium - Agents of the Imperium.cat,Agents of the Imperium,Sanctifiers
Imperium - Agents of the Imperium.cat,Agents of the Imperium,Sisters of Battle Immolator
Imperium - Agents of the Imperium.cat,Agents of the Imperium,Sisters of Battle Squad
Imperium - Agents of the Imperium.cat,Agents of the Imperium,Spectrus Kill Team [Legends]
Imperium - Agents of the Imperium.cat,Agents of the Imperium,Subductor Squad
Imperium - Agents of the Imperium.cat,Agents of the Imperium,UR-025 [Legends]
Imperium - Agents of the Imperium.cat,Agents of the Imperium,Veteran Bike Squad [Legends]
Imperium - Agents of the Imperium.cat,Agents of the Imperium,Vigilant Squad
Imperium - Agents of the Imperium.cat,Agents of the Imperium,Vindicare Assassin
Imperium - Agents of the Imperium.cat,Agents of the Imperium,Voidsmen-at-Arms
Imperium - Agents of the Imperium.cat,Agents of the Imperium,Watch Captain Artemis
Imperium - Agents of the Imperium.cat,Agents of the Imperium,Watch Master
Imperium - Black Templars.cat,Black Templars,Castellan
Imperium - Black Templars.cat,Black Templars,Chaplain Grimaldus
Imperium - Black Templars.cat,Black Templars,Crusade Ancient
Imperium - Black Templars.cat,Black Templars,Crusader Squad
Imperium - Black Templars.cat,Black Templars,Crusader Squad [Legends]
Imperium - Black Templars.cat,Black Templars,Emperor's Champion
Imperium - Black Templars.cat,Black Templars,Execrator
Imperium - Black Templars.cat,Black Templars,Gladiator Lancer
Imperium - Black Templars.cat,Black Templars,Gladiator Reaper
Imperium - Black Templars.cat,Black Templars,Gladiator Valiant
Imperium - Black Templars.cat,Black Templars,High Marshal Helbrecht
Imperium - Black Templars.cat,Black Templars,Impulsor
Imperium - Black Templars.cat,Black Templars,Land Raider Crusader
Imperium - Black Templars.cat,Black Templars,Marshal
Imperium - Black Templars.cat,Black Templars,Repulsor
Imperium - Black Templars.cat,Black Templars,Repulsor Executioner
Imperium - Black Templars.cat,Black Templars,Sternguard Veteran Squad
Imperium - Black Templars.cat,Black Templars,Sword Brethren Squad
Imperium - Black Templars.cat,Black Templars,Terminator Squad
Imperium - Blood Angels.cat,Blood Angels,Astorath
Imperium - Blood Angels.cat,Blood Angels,Baal Predator
Imperium - Blood Angels.cat,Blood Angels,Blood Angels Captain
Imperium - Blood Angels.cat,Blood Angels,Brother Corbulo [Legends]
Imperium - Blood Angels.cat,Blood Angels,Captain Tycho [Legends]
Imperium - Blood Angels.cat,Blood Angels,Chief Librarian Mephiston
Imperium - Blood Angels.cat,Blood Angels,Commander Dante
Imperium - Blood Angels.cat,Blood Angels,Death Company Captain
Imperium - Blood Angels.cat,Blood Angels,Death Company Captain with Jump Pack
Imperium - Blood Angels.cat,Blood Angels,Death Company Dreadnought
Imperium - Blood Angels.cat,Blood Angels,Death Company Dreadnought with Magna-Grapple [Legends]
Imperium - Blood Angels.cat,Blood Angels,Death Company Intercessors
Imperium - Blood Angels.cat,Blood Angels,Death Company Marines
Imperium - Blood Angels.cat,Blood Angels,Death Company Marines with Bolt Rifles
Imperium - Blood Angels.cat,Blood Angels,Death Company Marines with Boltguns [Legends]
Imperium - Blood Angels.cat,Blood Angels,Death Company Marines with Boltguns and Jump Packs [Legends]
Imperium - Blood Angels.cat,Blood Angels,Death Company Marines with Jump Packs
Imperium - Blood Angels.cat,Blood Angels,Furioso Dreadnought [Legends]
Imperium - Blood Angels.cat,Blood Angels,Gabriel Seth [Legends]
Imperium - Blood Angels.cat,Blood Angels,Lemartes
Imperium - Blood Angels.cat,Blood Angels,Librarian Dreadnought [Legends]
Imperium - Blood Angels.cat,Blood Angels,Sanguinary Guard
Imperium - Blood Angels.cat,Blood Angels,Sanguinary Priest
Imperium - Blood Angels.cat,Blood Angels,Sanguinary Priest on Bike [Legends]
Imperium - Blood Angels.cat,Blood Angels,Sanguinary Priest with Jump Pack [Legends]
Imperium - Blood Angels.cat,Blood Angels,The Sanguinor
Imperium - Blood Angels.cat,Blood Angels,Tycho the Lost [Legends]
Imperium - Dark Angels.cat,Dark Angels,Asmodai
Imperium - Dark Angels.cat,Dark Angels,Azrael
Imperium - Dark Angels.cat,Dark Angels,Belial
Imperium - Dark Angels.cat,Dark Angels,Deathwing Command Squad [Legends]
Imperium - Dark Angels.cat,Dark Angels,Deathwing Knights
Imperium - Dark Angels.cat,Dark Angels,Deathwing Strikemaster [Legends]
Imperium - Dark Angels.cat,Dark Angels,Deathwing Terminator Squad
Imperium - Dark Angels.cat,Dark Angels,Ezekiel
Imperium - Dark Angels.cat,Dark Angels,Inner Circle Companions
Imperium - Dark Angels.cat,Dark Angels,Land Speeder Vengeance
Imperium - Dark Angels.cat,Dark Angels,Lazarus
Imperium - Dark Angels.cat,Dark Angels,Lion El'Jonson
Imperium - Dark Angels.cat,Dark Angels,Nephilim Jetfighter
Imperium - Dark Angels.cat,Dark Angels,Ravenwing Black Knights
Imperium - Dark Angels.cat,Dark Angels,Ravenwing Command Squad
Imperium - Dark Angels.cat,Dark Angels,Ravenwing Dark Talon
Imperium - Dark Angels.cat,Dark Angels,Ravenwing Darkshroud
Imperium - Dark Angels.cat,Dark Angels,Ravenwing Talonmaster [Legends]
Imperium - Dark Angels.cat,Dark Angels,Sammael
Imperium - Deathwatch.cat,Deathwatch,Corvus Blackstar
Imperium - Deathwatch.cat,Deathwatch,Deathwatch Terminator Squad
Imperium - Deathwatch.cat,Deathwatch,Deathwatch Veterans
Imperium - Deathwatch.cat,Deathwatch,Fortis Kill Team
Imperium - Deathwatch.cat,Deathwatch,Indomitor Kill Team
Imperium - Deathwatch.cat,Deathwatch,Kill Team Cassius [Legends]
Imperium - Deathwatch.cat,Deathwatch,Spectrus Kill Team
Imperium - Deathwatch.cat,Deathwatch,Talonstrike Kill Team
Imperium - Deathwatch.cat,Deathwatch,Watch Captain Artemis
Imperium - Deathwatch.cat,Deathwatch,Watch Master
Imperium - Grey Knights.cat,Grey Knights,Brother-Captain
Imperium - Grey Knights.cat,Grey Knights,Brother-Captain Stern [Legends]
Imperium - Grey Knights.cat,Grey Knights,Brotherhood Champion
Imperium - Grey Knights.cat,Grey Knights,Brotherhood Chaplain
Imperium - Grey Knights.cat,Grey Knights,Brotherhood Librarian
Imperium - Grey Knights.cat,Grey Knights,Brotherhood Techmarine
Imperium - Grey Knights.cat,Grey Knights,Brotherhood Terminator Squad
Imperium - Grey Knights.cat,Grey Knights,Castellan Crowe
Imperium - Grey Knights.cat,Grey Knights,Grand Master
Imperium - Grey Knights.cat,Grey Knights,Grand Master Voldus
Imperium - Grey Knights.cat,Grey Knights,Grand Master in Nemesis Dreadknight
Imperium - Grey Knights.cat,Grey Knights,Grey Knights Dreadnought [Legends]
Imperium - Grey Knights.cat,Grey Knights,Grey Knights Relic Razorback [Legends]
Imperium - Grey Knights.cat,Grey Knights,Grey Knights Thunderhawk Gunship
Imperium - Grey Knights.cat,Grey Knights,Interceptor Squad
Imperium - Grey Knights.cat,Grey Knights,Kaldor Draigo [Legends]
Imperium - Grey Knights.cat,Grey Knights,Land Raider
Imperium - Grey Knights.cat,Grey Knights,Land Raider Banisher
Imperium - Grey Knights.cat,Grey Knights,Land Raider Crusader
Imperium - Grey Knights.cat,Grey Knights,Land Raider Redeemer
Imperium - Grey Knights.cat,Grey Knights,Nemesis Dreadknight
Imperium - Grey Knights.cat,Grey Knights,Paladin Squad
Imperium - Grey Knights.cat,Grey Knights,Purgation Squad
Imperium - Grey Knights.cat,Grey Knights,Purifier Squad
Imperium - Grey Knights.cat,Grey Knights,Razorback
Imperium - Grey Knights.cat,Grey Knights,Rhino
Imperium - Grey Knights.cat,Grey Knights,Servitors [Legends]
Imperium - Grey Knights.cat,Grey Knights,Stormhawk Interceptor
Imperium - Grey Knights.cat,Grey Knights,Stormraven Gunship
Imperium - Grey Knights.cat,Grey Knights,Stormtalon Gunship
Imperium - Grey Knights.cat,Grey Knights,Strike Squad
Imperium - Grey Knights.cat,Grey Knights,Venerable Dreadnought
Imperium - Imperial Fists.cat,Imperial Fists,Darnath Lysander
Imperium - Imperial Fists.cat,Imperial Fists,Pedro Kantor
Imperium - Imperial Fists.cat,Imperial Fists,Tor Garadon
Imperium - Iron Hands.cat,Iron Hands,Iron Father Feirros
Imperium - Raven Guard.cat,Raven Guard,Aethon Shaan
Imperium - Raven Guard.cat,Raven Guard,Kayvaan Shrike
Imperium - Salamanders.cat,Salamanders,Adrax Agatone
Imperium - Salamanders.cat,Salamanders,Vulkan He'stan
Imperium - Space Marines.cat,Space Marines,Aggressor Squad
Imperium - Space Marines.cat,Space Marines,Ancient
Imperium - Space Marines.cat,Space Marines,Ancient in Terminator Armor
Imperium - Space Marines.cat,Space Marines,Ancient on Bike [Legends]
Imperium - Space Marines.cat,Space Marines,Apothecary
Imperium - Space Marines.cat,Space Marines,Apothecary Biologis
Imperium - Space Marines.cat,Space Marines,Apothecary on Bike [Legends]
Imperium - Space Marines.cat,Space Marines,Assault Intercessor Squad
Imperium - Space Marines.cat,Space Marines,Assault Intercessors with Jump Packs
Imperium - Space Marines.cat,Space Marines,Assault Squad [Legends]
Imperium - Space Marines.cat,Space Marines,Assault Squad with Jump Packs [Legends]
Imperium - Space Marines.cat,Space Marines,Astartes Servitors [Legends]
Imperium - Space Marines.cat,Space Marines,Astraeus
Imperium - Space Marines.cat,Space Marines,Attack Bike Squad [Legends]
Imperium - Space Marines.cat,Space Marines,Ballistus Dreadnought
Imperium - Space Marines.cat,Space Marines,Bike Squad [Legends]
Imperium - Space Marines.cat,Space Marines,Bladeguard Ancient
Imperium - Space Marines.cat,Space Marines,Bladeguard Veteran Squad
Imperium - Space Marines.cat,Space Marines,Brutalis Dreadnought
Imperium - Space Marines.cat,Space Marines,Caestus Assault Ram [Legends]
Imperium - Space Marines.cat,Space Marines,Captain
Imperium - Space Marines.cat,Space Marines,Captain in Gravis Armour
Imperium - Space Marines.cat,Space Marines,Captain in Phobos Armour
Imperium - Space Marines.cat,Space Marines,Captain in Terminator Armour
Imperium - Space Marines.cat,Space Marines,Captain on Bike [Legends]
Imperium - Space Marines.cat,Space Marines,Captain with Jump Pack
Imperium - Space Marines.cat,Space Marines,Carab Culln the Risen [Legends]
Imperium - Space Marines.cat,Space Marines,Centurion Assault Squad
Imperium - Space Marines.cat,Space Marines,Centurion Devastator Squad
Imperium - Space Marines.cat,Space Marines,Chaplain
Imperium - Space Marines.cat,Space Marines,Chaplain Venerable Dreadnought [Legends]
Imperium - Space Marines.cat,Space Marines,Chaplain in Terminator Armour
Imperium - Space Marines.cat,Space Marines,Chaplain on Bike
Imperium - Space Marines.cat,Space Marines,Chaplain with Jump Pack
Imperium - Space Marines.cat,Space Marines,Command Squad [Legends]
Imperium - Space Marines.cat,Space Marines,Company Champion on Bike [Legends]
Imperium - Space Marines.cat,Space Marines,Company Heroes
Imperium - Space Marines.cat,Space Marines,Company Veterans on Bikes [Legends]
Imperium - Space Marines.cat,Space Marines,Deimos Predator [Legends]
Imperium - Space Marines.cat,Space Marines,Desolation Squad
Imperium - Space Marines.cat,Space Marines,Devastator Squad
Imperium - Space Marines.cat,Space Marines,Dreadnought
Imperium - Space Marines.cat,Space Marines,Drop Pod
Imperium - Space Marines.cat,Space Marines,Eliminator Squad
Imperium - Space Marines.cat,Space Marines,Eradicator Squad
Imperium - Space Marines.cat,Space Marines,Firestrike Servo-Turrets
Imperium - Space Marines.cat,Space Marines,Gladiator Lancer
Imperium - Space Marines.cat,Space Marines,Gladiator Reaper
Imperium - Space Marines.cat,Space Marines,Gladiator Valiant
Imperium - Space Marines.cat,Space Marines,Hammerfall Bunker
Imperium - Space Marines.cat,Space Marines,Heavy Intercessor Squad
Imperium - Space Marines.cat,Space Marines,Hellblaster Squad
Imperium - Space Marines.cat,Space Marines,Hunter [Legends]
Imperium - Space Marines.cat,Space Marines,Imperial Space Marine [Legends]
Imperium - Space Marines.cat,Space Marines,Impulsor
Imperium - Space Marines.cat,Space Marines,Inceptor Squad
Imperium - Space Marines.cat,Space Marines,Incursor Squad
Imperium - Space Marines.cat,Space Marines,Infernus Squad
Imperium - Space Marines.cat,Space Marines,Infiltrator Squad
Imperium - Space Marines.cat,Space Marines,Intercessor Squad
Imperium - Space Marines.cat,Space Marines,Invader ATV
Imperium - Space Marines.cat,Space Marines,Invictor Tactical Warsuit
Imperium - Space Marines.cat,Space Marines,Ironclad Dreadnought [Legends]
Imperium - Space Marines.cat,Space Marines,Judiciar
Imperium - Space Marines.cat,Space Marines,Land Raider
Imperium - Space Marines.cat,Space Marines,Land Raider Crusader
Imperium - Space Marines.cat,Space Marines,Land Raider Excelsior [Legends]
Imperium - Space Marines.cat,Space Marines,Land Raider Helios [Legends]
Imperium - Space Marines.cat,Space Marines,Land Raider Prometheus [Legends]
Imperium - Space Marines.cat,Space Marines,Land Raider Redeemer
Imperium - Space Marines.cat,Space Marines,Land Speeder Storm [Legends]
Imperium - Space Marines.cat,Space Marines,Land Speeder Tempest [Legends]
Imperium - Space Marines.cat,Space Marines,Land Speeder Tornado [Legends]
Imperium - Space Marines.cat,Space Marines,Land Speeder Typhoon [Legends]
Imperium - Space Marines.cat,Space Marines,Land Speeder [Legends]
Imperium - Space Marines.cat,Space Marines,Librarian
Imperium - Space Marines.cat,Space Marines,Librarian in Phobos Armour
Imperium - Space Marines.cat,Space Marines,Librarian in Terminator Armour
Imperium - Space Marines.cat,Space Marines,Librarian on Bike [Legends]
Imperium - Space Marines.cat,Space Marines,Librarian with Jump Pack [Legends]
Imperium - Space Marines.cat,Space Marines,Lieutenant
Imperium - Space Marines.cat,Space Marines,Lieutenant in Phobos Armour
Imperium - Space Marines.cat,Space Marines,Lieutenant in Reiver Armour
Imperium - Space Marines.cat,Space Marines,Lieutenant with Combi-weapon
Imperium - Space Marines.cat,Space Marines,Mortis Dreadnought [Legends]
Imperium - Space Marines.cat,Space Marines,Outrider Squad
Imperium - Space Marines.cat,Space Marines,Predator Annihilator
Imperium - Space Marines.cat,Space Marines,Predator Destructor
Imperium - Space Marines.cat,Space Marines,Primaris Company Champion [Legends]
Imperium - Space Marines.cat,Space Marines,Razorback
Imperium - Space Marines.cat,Space Marines,Redemptor Dreadnought
Imperium - Space Marines.cat,Space Marines,Reiver Squad
Imperium - Space Marines.cat,Space Marines,Relic Razorback [Legends]
Imperium - Space Marines.cat,Space Marines,Relic Terminator Squad [Legends]
Imperium - Space Marines.cat,Space Marines,Repulsor
Imperium - Space Marines.cat,Space Marines,Repulsor Executioner
Imperium - Space Marines.cat,Space Marines,Rhino
Imperium - Space Marines.cat,Space Marines,Rhino Primaris [Legends]
Imperium - Space Marines.cat,Space Marines,Scout Bike Squad [Legends]
Imperium - Space Marines.cat,Space Marines,Scout Sniper Squad [Legends]
Imperium - Space Marines.cat,Space Marines,Scout Squad
Imperium - Space Marines.cat,Space Marines,Stalker [Legends]
Imperium - Space Marines.cat,Space Marines,Sternguard Veteran Squad
Imperium - Space Marines.cat,Space Marines,Storm Speeder Hailstrike
Imperium - Space Marines.cat,Space Marines,Storm Speeder Hammerstrike
Imperium - Space Marines.cat,Space Marines,Storm Speeder Thunderstrike
Imperium - Space Marines.cat,Space Marines,Stormhawk Interceptor
Imperium - Space Marines.cat,Space Marines,Stormraven Gunship
Imperium - Space Marines.cat,Space Marines,Stormtalon Gunship
Imperium - Space Marines.cat,Space Marines,Suppressor Squad
Imperium - Space Marines.cat,Space Marines,Tactical Squad
Imperium - Space Marines.cat,Space Marines,Tarantula Air Defense Battery [Legends]
Imperium - Space Marines.cat,Space Marines,Techmarine
Imperium - Space Marines.cat,Space Marines,Techmarine on Bike [Legends]
Imperium - Space Marines.cat,Space Marines,Terminator Assault Squad
Imperium - Space Marines.cat,Space Marines,Terminator Squad
Imperium - Space Marines.cat,Space Marines,Terminus Ultra [Legends]
Imperium - Space Marines.cat,Space Marines,Thunderfire Cannon [Legends]
Imperium - Space Marines.cat,Space Marines,Thunderhawk Gunship
Imperium - Space Marines.cat,Space Marines,Thunderhawk Transporter [Legends]
Imperium - Space Marines.cat,Space Marines,Vanguard Veteran Squad [Legends]
Imperium - Space Marines.cat,Space Marines,Vanguard Veteran Squad with Jump Packs
Imperium - Space Marines.cat,Space Marines,Venerable Dreadnought [Legends]
Imperium - Space Marines.cat,Space Marines,Vindicator
Imperium - Space Marines.cat,Space Marines,Whirlwind
Imperium - Space Wolves.cat,Space Wolves,Arjac Rockfist
Imperium - Space Wolves.cat,Space Wolves,Bjorn the Fell-Handed
Imperium - Space Wolves.cat,Space Wolves,Blood Claws
Imperium - Space Wolves.cat,Space Wolves,Canis Wolfborn [Legends]
Imperium - Space Wolves.cat,Space Wolves,Cyberwolf [Legends]
Imperium - Space Wolves.cat,Space Wolves,Fenrisian Wolves
Imperium - Space Wolves.cat,Space Wolves,Grey Hunters
Imperium - Space Wolves.cat,Space Wolves,Harald Deathwolf [Legends]
Imperium - Space Wolves.cat,Space Wolves,Hounds of Morkai [Legends]
Imperium - Space Wolves.cat,Space Wolves,Hunting Wolves
Imperium - Space Wolves.cat,Space Wolves,Iron Priest
Imperium - Space Wolves.cat,Space Wolves,Iron Priest on Thunderwolf [Legends]
Imperium - Space Wolves.cat,Space Wolves,Krom Dragongaze [Legends]
Imperium - Space Wolves.cat,Space Wolves,Logan Grimnar
Imperium - Space Wolves.cat,Space Wolves,Logan Grimnar on Stormrider [Legends]
Imperium - Space Wolves.cat,Space Wolves,Long Fangs [Legends]
Imperium - Space Wolves.cat,Space Wolves,Lukas the Trickster [Legends]
Imperium - Space Wolves.cat,Space Wolves,Murderfang
Imperium - Space Wolves.cat,Space Wolves,Njal Stormcaller
Imperium - Space Wolves.cat,Space Wolves,Ragnar Blackmane
Imperium - Space Wolves.cat,Space Wolves,Skyclaws [Legends]
Imperium - Space Wolves.cat,Space Wolves,Stormfang Gunship [Legends]
Imperium - Space Wolves.cat,Space Wolves,Stormwolf [Legends]
Imperium - Space Wolves.cat,Space Wolves,Thunderwolf Cavalry
Imperium - Space Wolves.cat,Space Wolves,Ulrik the Slayer
Imperium - Space Wolves.cat,Space Wolves,Venerable Dreadnought
Imperium - Space Wolves.cat,Space Wolves,Wolf Guard Battle Leader
Imperium - Space Wolves.cat,Space Wolves,Wolf Guard Battle Leader in Terminator Armour [Legends]
Imperium - Space Wolves.cat,Space Wolves,Wolf Guard Battle Leader on Thunderwolf [Legends]
Imperium - Space Wolves.cat,Space Wolves,Wolf Guard Headtakers
Imperium - Space Wolves.cat,Space Wolves,Wolf Guard Pack Leader [Legends]
Imperium - Space Wolves.cat,Space Wolves,Wolf Guard Pack Leader in Terminator Armour [Legends]
Imperium - Space Wolves.cat,Space Wolves,Wolf Guard Pack Leader with Jump Pack [Legends]
Imperium - Space Wolves.cat,Space Wolves,Wolf Guard Terminators
Imperium - Space Wolves.cat,Space Wolves,Wolf Guard [Legends]
Imperium - Space Wolves.cat,Space Wolves,Wolf Lord on Thunderwolf [Legends]
Imperium - Space Wolves.cat,Space Wolves,Wolf Priest
Imperium - Space Wolves.cat,Space Wolves,Wolf Scouts [Legends]
Imperium - Space Wolves.cat,Space Wolves,Wulfen
Imperium - Space Wolves.cat,Space Wolves,Wulfen Dreadnought
Imperium - Space Wolves.cat,Space Wolves,Wulfen with Storm Shields
Imperium - Ultramarines.cat,Ultramarines,Captain Sicarius
Imperium - Ultramarines.cat,Ultramarines,Chaplain Cassius [Legends]
Imperium - Ultramarines.cat,Ultramarines,Chief Librarian Tigurius
Imperium - Ultramarines.cat,Ultramarines,Lieutenant Titus
Imperium - Ultramarines.cat,Ultramarines,Marneus Calgar
Imperium - Ultramarines.cat,Ultramarines,Roboute Guilliman
Imperium - Ultramarines.cat,Ultramarines,Sergeant Chronus [Legends]
Imperium - Ultramarines.cat,Ultramarines,Sergeant Telion [Legends]
Imperium - Ultramarines.cat,Ultramarines,Tyrannic War Veterans [Legends]
Imperium - Ultramarines.cat,Ultramarines,Ultramarines Honour Guard [Legends]
Imperium - Ultramarines.cat,Ultramarines,Uriel Ventris
Imperium - White Scars.cat,White Scars,Kor'sarro Khan
Leagues of Votann.cat,Leagues of Votann,Arcanyst Evaluator
Leagues of Votann.cat,Leagues of Votann,Brôkhyr Iron-master
Leagues of Votann.cat,Leagues of Votann,Brôkhyr Thunderkyn
Leagues of Votann.cat,Leagues of Votann,Buri Aegnirssen
Leagues of Votann.cat,Leagues of Votann,Cthonian Beserks
Leagues of Votann.cat,Leagues of Votann,Cthonian Earthshakers
Leagues of Votann.cat,Leagues of Votann,Einhyr Champion
Leagues of Votann.cat,Leagues of Votann,Einhyr Hearthguard
Leagues of Votann.cat,Leagues of Votann,Grimnyr
Leagues of Votann.cat,Leagues of Votann,Hearthkyn Warriors
Leagues of Votann.cat,Leagues of Votann,Hekaton Land Fortress
Leagues of Votann.cat,Leagues of Votann,Hernkyn Pioneers
Leagues of Votann.cat,Leagues of Votann,Hernkyn Yaegirs
Leagues of Votann.cat,Leagues of Votann,Ironkin Steeljacks with Heavy Volkanite Disintegrators
Leagues of Votann.cat,Leagues of Votann,Ironkin Steeljacks with Melee Weapons
Leagues of Votann.cat,Leagues of Votann,Kapricus Carrier
Leagues of Votann.cat,Leagues of Votann,Kapricus Defenders
Leagues of Votann.cat,Leagues of Votann,Kâhl
Leagues of Votann.cat,Leagues of Votann,Memnyr Strategist
Leagues of Votann.cat,Leagues of Votann,Sagitaur
Leagues of Votann.cat,Leagues of Votann,Ûthar the Destined
Necrons.cat,Necrons,Annihilation Barge
Necrons.cat,Necrons,Anrakyr the Traveller [Legends]
Necrons.cat,Necrons,C'tan Shard of the Deceiver
Necrons.cat,Necrons,C'tan Shard of the Nightbringer
Necrons.cat,Necrons,C'tan Shard of the Void Dragon
Necrons.cat,Necrons,Canoptek Acanthrites [Legends]
Necrons.cat,Necrons,Canoptek Doomstalker
Necrons.cat,Necrons,Canoptek Reanimator
Necrons.cat,Necrons,Canoptek Scarab Swarms
Necrons.cat,Necrons,Canoptek Spyders
Necrons.cat,Necrons,Canoptek Tomb Sentinel [Legends]
Necrons.cat,Necrons,Canoptek Tomb Stalker [Legends]
Necrons.cat,Necrons,Canoptek Wraiths
Necrons.cat,Necrons,Catacomb Command Barge
Necrons.cat,Necrons,Chronomancer
Necrons.cat,Necrons,Convergence of Dominion
Necrons.cat,Necrons,Cryptothralls
Necrons.cat,Necrons,Deathmarks
Necrons.cat,Necrons,Doom Scythe
Necrons.cat,Necrons,Doomsday Ark
Necrons.cat,Necrons,Flayed Ones
Necrons.cat,Necrons,Gauss Pylon [Legends]
Necrons.cat,Necrons,Ghost Ark
Necrons.cat,Necrons,Hexmark Destroyer
Necrons.cat,Necrons,Illuminor Szeras
Necrons.cat,Necrons,Immortals
Necrons.cat,Necrons,Imotekh the Stormlord
Necrons.cat,Necrons,Lokhust Destroyers
Necrons.cat,Necrons,Lokhust Heavy Destroyers
Necrons.cat,Necrons,Lokhust Lord
Necrons.cat,Necrons,Lord [Legends]
Necrons.cat,Necrons,Lychguard
Necrons.cat,Necrons,Monolith
Necrons.cat,Necrons,Necron Warriors
Necrons.cat,Necrons,Nemesor Zahndrekh [Legends]
Necrons.cat,Necrons,Night Scythe
Necrons.cat,Necrons,Night Shroud [Legends]
Necrons.cat,Necrons,Obelisk
Necrons.cat,Necrons,Ophydian Destroyers
Necrons.cat,Necrons,Orikan the Diviner
Necrons.cat,Necrons,Overlord
Necrons.cat,Necrons,Overlord with Translocation Shroud
Necrons.cat,Necrons,Plasmancer
Necrons.cat,Necrons,Psychomancer
Necrons.cat,Necrons,Royal Warden
Necrons.cat,Necrons,Sentry Pylon [Legends]
Necrons.cat,Necrons,Seraptek Heavy Construct
Necrons.cat,Necrons,Skorpekh Destroyers
Necrons.cat,Necrons,Skorpekh Lord
Necrons.cat,Necrons,Technomancer
Necrons.cat,Necrons,Tesseract Ark [Legends]
Necrons.cat,Necrons,Tesseract Vault
Necrons.cat,Necrons,The Silent King
Necrons.cat,Necrons,Tomb Blades
Necrons.cat,Necrons,Transcendent C'tan
Necrons.cat,Necrons,Trazyn the Infinite
Necrons.cat,Necrons,Triarch Praetorians
Necrons.cat,Necrons,Triarch Stalker
Necrons.cat,Necrons,Varguard Obyron [Legends]
Orks.cat,Orks,Attack Fighta [Legends]
Orks.cat,Orks,Battlewagon
Orks.cat,Orks,Beast Snagga Boyz
Orks.cat,Orks,Beastboss
Orks.cat,Orks,Beastboss on Squigosaur
Orks.cat,Orks,Big Gunz [Legends]
Orks.cat,Orks,Big Mek
Orks.cat,Orks,Big Mek in Mega Armour
Orks.cat,Orks,Big Mek on Warbike [Legends]
Orks.cat,Orks,Big Mek with Kustom Force Field [Legends]
Orks.cat,Orks,Big Mek with Shokk Attack Gun
Orks.cat,Orks,Big Trakk [Legends]
Orks.cat,Orks,Big'ed Bossbunka
Orks.cat,Orks,Blitza-bommer
Orks.cat,Orks,Boomdakka Snazzwagon
Orks.cat,Orks,Boss Snikrot
Orks.cat,Orks,Boss Zagstruk [Legends]
Orks.cat,Orks,Boyz
Orks.cat,Orks,Breaka Boyz
Orks.cat,Orks,Burna Boy
Orks.cat,Orks,Burna Boyz
Orks.cat,Orks,Burna-bommer
Orks.cat,Orks,Chinork Warkopta [Legends]
Orks.cat,Orks,Da Red Gobbo [Legends]
Orks.cat,Orks,Da Red Gobbo's A-bomb-inable Snowman [Legends]
Orks.cat,Orks,Dakkajet
Orks.cat,Orks,Deff Dread
Orks.cat,Orks,Deff Rolla Battle Fortress [Legends]
Orks.cat,Orks,Deffkilla Wartrike
Orks.cat,Orks,Deffkoptas
Orks.cat,Orks,Deffkoptas with Big Shootas [Legends]
Orks.cat,Orks,Fighta-Bommer [Legends]
Orks.cat,Orks,Flash Gitz
Orks.cat,Orks,Gargantuan Squiggoth
Orks.cat,Orks,Ghazghkull Thraka
Orks.cat,Orks,Gorkanaut
Orks.cat,Orks,Gretchin
Orks.cat,Orks,Grot Bomm Launcha [Legends]
Orks.cat,Orks,Grot Mega-Tank [Legends]
Orks.cat,Orks,Grot Tanks [Legends]
Orks.cat,Orks,Grotmas Gitz [Legends]
Orks.cat,Orks,Hunta Rig
Orks.cat,Orks,Kannonwagon [Legends]
Orks.cat,Orks,Kaptin Badrukk [Legends]
Orks.cat,Orks,Kill Krusha [Legends]
Orks.cat,Orks,Kill Rig
Orks.cat,Orks,Kill Tank [Legends]
Orks.cat,Orks,Killa Kans
Orks.cat,Orks,Kommandos
Orks.cat,Orks,Kustom Boosta-blasta
Orks.cat,Orks,Lifta Wagon [Legends]
Orks.cat,Orks,Loota
Orks.cat,Orks,Lootas
Orks.cat,Orks,Mad Dok Grotsnik [Legends]
Orks.cat,Orks,Mega Dread [Legends]
Orks.cat,Orks,Meganobz
Orks.cat,Orks,Megatrakk Scrapjet
Orks.cat,Orks,Mek
Orks.cat,Orks,Mek Gunz
Orks.cat,Orks,Meka-Dread [Legends]
Orks.cat,Orks,Mekboy Workshop [Legends]
Orks.cat,Orks,Morkanaut
Orks.cat,Orks,Mozrog Skragbad
Orks.cat,Orks,Nob on Smasha Squig
Orks.cat,Orks,Nob with Waaagh! Banner [Legends]
Orks.cat,Orks,Nobz
Orks.cat,Orks,Nobz on Warbikes [Legends]
Orks.cat,Orks,Painboss
Orks.cat,Orks,Painboy
Orks.cat,Orks,Painboy on Warbike [Legends]
Orks.cat,Orks,Rukkatrukk Squigbuggy
Orks.cat,Orks,Runtherd
Orks.cat,Orks,Shokkjump Dragsta
Orks.cat,Orks,Skorchas [Legends]
Orks.cat,Orks,Spanner
Orks.cat,Orks,Squiggoth [Legends]
Orks.cat,Orks,Squighog Boy
Orks.cat,Orks,Squighog Boyz
Orks.cat,Orks,Stompa
Orks.cat,Orks,Stormboyz
Orks.cat,Orks,Tankbustas
Orks.cat,Orks,Trukk
Orks.cat,Orks,Ufthak Blackhawk [Legends]
Orks.cat,Orks,Warbikers
Orks.cat,Orks,Warboss
Orks.cat,Orks,Warboss in Mega Armour
Orks.cat,Orks,Warboss on Warbike [Legends]
Orks.cat,Orks,Warbuggies [Legends]
Orks.cat,Orks,Wartrakks [Legends]
Orks.cat,Orks,Wazbom Blastajet
Orks.cat,Orks,Weirdboy
Orks.cat,Orks,Wurrboy
Orks.cat,Orks,Zodgrod Wortsnagga
T'au Empire.cat,T'au Empire,AX-1-0 Tiger Shark
T'au Empire.cat,T'au Empire,Aun'shi [Legends]
T'au Empire.cat,T'au Empire,Aun'va [Legends]
T'au Empire.cat,T'au Empire,Barracuda [Legends]
T'au Empire.cat,T'au Empire,Breacher Team
T'au Empire.cat,T'au Empire,Broadside Battlesuits
T'au Empire.cat,T'au Empire,Cadre Fireblade
T'au Empire.cat,T'au Empire,Commander Farsight
T'au Empire.cat,T'au Empire,Commander Shadowsun
T'au Empire.cat,T'au Empire,Commander in Coldstar Battlesuit
T'au Empire.cat,T'au Empire,Commander in Crisis Battlesuit [Legends]
T'au Empire.cat,T'au Empire,Commander in Enforcer Battlesuit
T'au Empire.cat,T'au Empire,Crisis Battlesuits [Legends]
T'au Empire.cat,T'au Empire,Crisis Fireknife Battlesuits
T'au Empire.cat,T'au Empire,Crisis Starscythe Battlesuits
T'au Empire.cat,T'au Empire,Crisis Sunforge Battlesuits
T'au Empire.cat,T'au Empire,Darkstrider
T'au Empire.cat,T'au Empire,Devilfish
T'au Empire.cat,T'au Empire,Drone Sentry Turret [Legends]
T'au Empire.cat,T'au Empire,Ethereal
T'au Empire.cat,T'au Empire,Firesight Team
T'au Empire.cat,T'au Empire,Ghostkeel Battlesuit
T'au Empire.cat,T'au Empire,Great Knarloc [Legends]
T'au Empire.cat,T'au Empire,Hammerhead Gunship
T'au Empire.cat,T'au Empire,Heavy Gun Drones [Legends]
T'au Empire.cat,T'au Empire,Knarloc Riders [Legends]
T'au Empire.cat,T'au Empire,Kroot Carnivores
T'au Empire.cat,T'au Empire,Kroot Farstalkers
T'au Empire.cat,T'au Empire,Kroot Flesh Shaper
T'au Empire.cat,T'au Empire,Kroot Hounds
T'au Empire.cat,T'au Empire,Kroot Lone-spear
T'au Empire.cat,T'au Empire,Kroot Trail Shaper
T'au Empire.cat,T'au Empire,Kroot War Shaper
T'au Empire.cat,T'au Empire,Krootox Rampagers
T'au Empire.cat,T'au Empire,Krootox Riders
T'au Empire.cat,T'au Empire,Longstrike [Legends]
T'au Empire.cat,T'au Empire,Manta
T'au Empire.cat,T'au Empire,Orca Dropship [Legends]
T'au Empire.cat,T'au Empire,Pathfinder Team
T'au Empire.cat,T'au Empire,Piranha
T'au Empire.cat,T'au Empire,R'varna Battlesuit [Legends]
T'au Empire.cat,T'au Empire,Razorshark Strike Fighter
T'au Empire.cat,T'au Empire,Remora Stealth Drones [Legends]
T'au Empire.cat,T'au Empire,Remote Sensor Tower [Legends]
T'au Empire.cat,T'au Empire,Riptide Battlesuit
T'au Empire.cat,T'au Empire,Shas'o R'alai [Legends]
T'au Empire.cat,T'au Empire,Sky Ray Gunship
T'au Empire.cat,T'au Empire,Stealth Battlesuits
T'au Empire.cat,T'au Empire,Stormsurge
T'au Empire.cat,T'au Empire,Strike Team
T'au Empire.cat,T'au Empire,Sun Shark Bomber
T'au Empire.cat,T'au Empire,TX42 Piranha [Legends]
T'au Empire.cat,T'au Empire,Ta'unar Supremacy Armour
T'au Empire.cat,T'au Empire,Tactical Drones [Legends]
T'au Empire.cat,T'au Empire,Tetras [Legends]
T'au Empire.cat,T'au Empire,Tidewall Droneport
T'au Empire.cat,T'au Empire,Tidewall Gunrig
T'au Empire.cat,T'au Empire,Tidewall Shieldline
T'au Empire.cat,T'au Empire,Tiger Shark
T'au Empire.cat,T'au Empire,Vespid Stingwings
T'au Empire.cat,T'au Empire,XV9 Hazard Battlesuits [Legends]
T'au Empire.cat,T'au Empire,Y'vahra Battlesuit [Legends]
Tyranids.cat,Tyranids,Barbed Hierodule [Legends]
Tyranids.cat,Tyranids,Barbgaunts
Tyranids.cat,Tyranids,Biovores
Tyranids.cat,Tyranids,Broodlord
Tyranids.cat,Tyranids,Carnifexes
Tyranids.cat,Tyranids,Deathleaper
Tyranids.cat,Tyranids,Dimachaeron [Legends]
Tyranids.cat,Tyranids,Exocrine
Tyranids.cat,Tyranids,Gargoyles
Tyranids.cat,Tyranids,Genestealers
Tyranids.cat,Tyranids,Harpy
Tyranids.cat,Tyranids,Harridan
Tyranids.cat,Tyranids,Haruspex
Tyranids.cat,Tyranids,Hierophant
Tyranids.cat,Tyranids,Hive Crone
Tyranids.cat,Tyranids,Hive Guard
Tyranids.cat,Tyranids,Hive Tyrant
Tyranids.cat,Tyranids,Hormagaunts
Tyranids.cat,Tyranids,Hyperadapted Raveners
Tyranids.cat,Tyranids,Lictor
Tyranids.cat,Tyranids,Malanthrope [Legends]
Tyranids.cat,Tyranids,Maleceptor
Tyranids.cat,Tyranids,Mawloc
Tyranids.cat,Tyranids,Mucolid Spores
Tyranids.cat,Tyranids,Neurogaunts
Tyranids.cat,Tyranids,Neurolictor
Tyranids.cat,Tyranids,Neurotyrant
Tyranids.cat,Tyranids,Norn Assimilator
Tyranids.cat,Tyranids,Norn Emissary
Tyranids.cat,Tyranids,Old One Eye
Tyranids.cat,Tyranids,Parasite of Mortrex
Tyranids.cat,Tyranids,Psychophage
Tyranids.cat,Tyranids,Pyrovores
Tyranids.cat,Tyranids,Raveners
Tyranids.cat,Tyranids,Ripper Swarms
Tyranids.cat,Tyranids,Screamer-killer
Tyranids.cat,Tyranids,Scythed Hierodule [Legends]
Tyranids.cat,Tyranids,Sky-slasher Swarms [Legends]
Tyranids.cat,Tyranids,Spore Mines
Tyranids.cat,Tyranids,Sporocyst
Tyranids.cat,Tyranids,Termagants
Tyranids.cat,Tyranids,Tervigon
Tyranids.cat,Tyranids,The Swarmlord
Tyranids.cat,Tyranids,Toxicrene
Tyranids.cat,Tyranids,Trygon
Tyranids.cat,Tyranids,Tyranid Warriors with Melee Bio-Weapons
Tyranids.cat,Tyranids,Tyranid Warriors with Ranged Bio-Weapons
Tyranids.cat,Tyranids,Tyrannocyte
Tyranids.cat,Tyranids,Tyrannofex
Tyranids.cat,Tyranids,Tyrant Guard
Tyranids.cat,Tyranids,Venomthropes
Tyranids.cat,Tyranids,Von Ryan's Leapers
Tyranids.cat,Tyranids,Winged Hive Tyrant
Tyranids.cat,Tyranids,Winged Tyranid Prime
Tyranids.cat,Tyranids,Zoanthropes
